gene_id,log2FoldChange,pvalue,padj,Regulation
YAL011W,0.820143,1.181242e-5,2.907184e-4,Upregulated
YAL019W,0.6265267,6.802499e-4,0.006366155,Upregulated
YAL024C,0.6560073,0.001045303,0.008759694,Upregulated
YAL035W,0.7560335,1.165828e-4,0.001689772,Upregulated
YAL043C,0.5573487,0.008658156,0.04243,Upregulated
YAL055W,0.5160163,0.008319022,0.04105371,Upregulated
YAR014C,0.5599566,8.213102e-4,0.00733751,Upregulated
YAR042W,0.61111,3.653293e-5,6.842221e-4,Upregulated
YBL004W,0.6179911,0.001472124,0.01149959,Upregulated
YBL006C,0.616129,0.006421808,0.03400283,Upregulated
YBL010C,0.84233,6.915828e-4,0.006425149,Upregulated
YBL023C,0.544883,0.008755737,0.04273404,Upregulated
YBL034C,0.7343563,4.812025e-4,0.004986862,Upregulated
YBL038W,0.7183989,1.35152e-4,0.001882298,Upregulated
YBL039C,0.6772223,0.007939244,0.03965221,Upregulated
YBL046W,0.6203389,0.006714622,0.03502644,Upregulated
YBL052C,0.9718672,3.202196e-7,1.974302e-5,Upregulated
YBL079W,0.7586678,2.937551e-6,1.010485e-4,Upregulated
YBL091C,0.8168826,3.761303e-5,7.023358e-4,Upregulated
YBR001C,0.6740993,6.354282e-4,0.006078604,Upregulated
YBR007C,0.5500388,0.00499654,0.02814175,Upregulated
YBR048W,0.8336677,2.474573e-4,0.003059024,Upregulated
YBR049C,0.6859113,1.494575e-4,0.002046975,Upregulated
YBR083W,0.6494521,0.001167117,0.009499897,Upregulated
YBR108W,0.5449076,0.007382652,0.03778216,Upregulated
YBR121C,0.9970996,1.55522e-5,3.525268e-4,Upregulated
YBR122C,0.6148728,1.428869e-5,3.352719e-4,Upregulated
YBR123C,0.7318663,4.705713e-6,1.413532e-4,Upregulated
YBR142W,0.6645098,0.002422372,0.0166803,Upregulated
YBR143C,0.6606697,0.001358342,0.01078694,Upregulated
YBR156C,1.065185,6.263108e-5,0.001024842,Upregulated
YBR160W,0.6889705,0.006299309,0.03350651,Upregulated
YBR169C,1.171439,7.458115e-7,3.685699e-5,Upregulated
YBR172C,0.741874,4.119368e-4,0.004423874,Upregulated
YBR177C,1.595021,1.114807e-9,1.92552e-7,Upregulated
YBR184W,1.421138,3.193761e-8,3.203033e-6,Upregulated
YBR193C,0.6788647,0.002649559,0.01790756,Upregulated
YBR222C,0.6067292,0.007618536,0.03858688,Upregulated
YBR239C,0.695456,0.001522376,0.0118179,Upregulated
YBR245C,1.125515,3.048554e-10,7.020707e-8,Upregulated
YBR257W,0.5375271,0.005133721,0.02865483,Upregulated
YBR267W,0.8750916,2.996114e-4,0.003541794,Upregulated
YBR273C,0.6601944,0.001425115,0.01125968,Upregulated
YBR275C,1.073967,9.831059e-11,3.056476e-8,Upregulated
YCL014W,0.6210424,5.326717e-5,9.174939e-4,Upregulated
YCL061C,0.73096,1.215798e-4,0.001737892,Upregulated
YCR025C,0.5971628,0.009971256,0.04714925,Upregulated
YCR035C,0.5323421,0.002244328,0.01564488,Upregulated
YCR052W,0.6881559,9.867088e-4,0.008393099,Upregulated
YCR057C,0.5811262,0.00754131,0.03834167,Upregulated
YCR065W,0.7601478,0.002702245,0.01811302,Upregulated
YCR077C,0.5243014,0.004393456,0.02536084,Upregulated
YCR084C,0.5831014,0.006314598,0.03355912,Upregulated
YCR086W,0.898387,1.532651e-6,6.148403e-5,Upregulated
YCR088W,0.6393932,0.001036968,0.008701574,Upregulated
YDL001W,0.5247264,0.001015375,0.008578262,Upregulated
YDL003W,0.7360519,5.795738e-4,0.005702722,Upregulated
YDL019C,0.6724486,5.048807e-4,0.005146472,Upregulated
YDL040C,0.59398,1.082301e-5,2.6919e-4,Upregulated
YDL042C,0.9605314,5.748638e-5,9.680488e-4,Upregulated
YDL077C,0.5915086,5.648722e-4,0.005628806,Upregulated
YDL081C,0.6569571,0.006124541,0.03268875,Upregulated
YDL092W,0.7365282,4.474534e-5,7.949329e-4,Upregulated
YDL101C,0.7803257,0.001062083,0.008834469,Upregulated
YDL112W,0.7500094,1.108772e-4,0.001622199,Upregulated
YDL116W,0.613865,0.00101924,0.008599236,Upregulated
YDL122W,0.6777298,6.909786e-6,1.909558e-4,Upregulated
YDL126C,0.6233365,1.651463e-4,0.002232347,Upregulated
YDL130W,0.8856199,4.825179e-4,0.004992173,Upregulated
YDL143W,0.8241006,3.770691e-6,1.214827e-4,Upregulated
YDL155W,0.5497518,0.004035768,0.02396791,Upregulated
YDL161W,0.5304827,0.008043538,0.04004381,Upregulated
YDL195W,0.5158426,0.002108171,0.0149471,Upregulated
YDL197C,0.7822269,7.287035e-4,0.006673164,Upregulated
YDL201W,0.7125098,0.001972992,0.01431997,Upregulated
YDL207W,0.6655193,2.716156e-5,5.378681e-4,Upregulated
YDL213C,0.9686621,2.350658e-6,8.497901e-5,Upregulated
YDL239C,0.5562889,0.001391313,0.0110066,Upregulated
YDR001C,0.6665077,2.047443e-5,4.330272e-4,Upregulated
YDR009W,0.8954054,9.422013e-4,0.008091999,Upregulated
YDR026C,0.5626763,8.388007e-5,0.001284646,Upregulated
YDR049W,0.7406712,2.341091e-5,4.788455e-4,Upregulated
YDR052C,0.558,8.640065e-4,0.007579751,Upregulated
YDR054C,0.6431368,2.482067e-4,0.003062201,Upregulated
YDR070C,0.7148941,0.009518958,0.04535546,Upregulated
YDR083W,0.5131959,0.005443399,0.02995315,Upregulated
YDR085C,0.7310489,4.114442e-4,0.004423874,Upregulated
YDR097C,0.604637,0.007118309,0.03664721,Upregulated
YDR099W,0.8874757,1.031338e-4,0.001534178,Upregulated
YDR104C,0.6146919,0.001658793,0.01250228,Upregulated
YDR113C,1.086467,9.08607e-6,2.354049e-4,Upregulated
YDR116C,0.6740213,5.703588e-5,9.637204e-4,Upregulated
YDR117C,0.6378326,9.296206e-6,2.369009e-4,Upregulated
YDR121W,0.8823011,7.848929e-6,2.112755e-4,Upregulated
YDR152W,0.6015349,0.004068405,0.02411567,Upregulated
YDR165W,0.6875246,0.002764439,0.01838426,Upregulated
YDR172W,0.6531431,8.346344e-4,0.007403362,Upregulated
YDR181C,0.8389736,6.84457e-7,3.546628e-5,Upregulated
YDR186C,0.6318772,0.00176215,0.01309086,Upregulated
YDR201W,0.6528774,0.00843549,0.04153437,Upregulated
YDR218C,1.542733,2.029326e-8,2.253277e-6,Upregulated
YDR227W,0.7593563,1.777115e-7,1.179722e-5,Upregulated
YDR243C,0.5040404,0.004476062,0.02569913,Upregulated
YDR293C,0.5034001,0.003370853,0.02118898,Upregulated
YDR310C,0.7345738,4.941915e-4,0.005070764,Upregulated
YDR311W,0.5373567,9.090258e-4,0.007861366,Upregulated
YDR312W,0.5805086,0.004687659,0.02676572,Upregulated
YDR323C,0.6027418,0.005891266,0.03175002,Upregulated
YDR325W,0.5952761,0.002590793,0.01756767,Upregulated
YDR335W,0.5187472,0.002901725,0.01899255,Upregulated
YDR341C,0.5336736,0.00151268,0.01175731,Upregulated
YDR346C,0.6140245,9.157965e-4,0.007897951,Upregulated
YDR348C,0.6812899,0.002883942,0.01893596,Upregulated
YDR351W,0.5676225,2.451877e-4,0.003037006,Upregulated
YDR359C,0.6758658,2.385979e-4,0.002967203,Upregulated
YDR361C,0.6637301,0.004124081,0.02429513,Upregulated
YDR363W,0.6218656,0.001034036,0.008688697,Upregulated
YDR363W-A,0.5630646,0.005254551,0.02907843,Upregulated
YDR382W,0.8298059,4.064495e-4,0.004412432,Upregulated
YDR386W,0.6970284,4.24392e-4,0.004526363,Upregulated
YDR390C,0.7682384,7.950345e-7,3.832189e-5,Upregulated
YDR393W,0.7420262,3.92164e-5,7.235832e-4,Upregulated
YDR405W,0.6624794,9.676737e-4,0.008265103,Upregulated
YDR440W,1.157395,1.017271e-7,7.713895e-6,Upregulated
YDR444W,0.7785973,5.418017e-5,9.255283e-4,Upregulated
YDR460W,0.520512,0.001814825,0.01341805,Upregulated
YDR464W,0.7551821,6.856117e-6,1.903185e-4,Upregulated
YDR473C,0.5134423,0.007357309,0.03771455,Upregulated
YDR478W,0.5424894,0.008099836,0.04025962,Upregulated
YDR494W,0.5687678,0.001666114,0.01252708,Upregulated
YDR507C,1.005423,4.409325e-5,7.927488e-4,Upregulated
YDR515W,1.016116,5.645597e-7,3.05255e-5,Upregulated
YDR517W,0.5349625,0.005837371,0.03150762,Upregulated
YEL052W,0.7646251,2.558371e-5,5.131598e-4,Upregulated
YEL055C,0.5498556,0.00290096,0.01899255,Upregulated
YER006W,0.6729442,0.001841288,0.01356532,Upregulated
YER016W,0.8740673,9.798157e-4,0.008357331,Upregulated
YER025W,0.5905229,0.001629448,0.01235598,Upregulated
YER029C,0.5546751,0.001333215,0.01061451,Upregulated
YER031C,0.6566789,0.001146604,0.009405785,Upregulated
YER032W,0.5173969,0.009504968,0.04535546,Upregulated
YER034W,0.6752516,0.007510419,0.03830991,Upregulated
YER048C,0.5736311,4.063553e-4,0.004412432,Upregulated
YER058W,1.077171,1.394196e-6,5.779409e-5,Upregulated
YER087C-B,0.7499982,0.005027818,0.0282667,Upregulated
YER110C,0.7160344,0.002671904,0.01799989,Upregulated
YER111C,0.5956287,0.001344953,0.01069427,Upregulated
YER114C,0.7444986,5.326895e-6,1.562388e-4,Upregulated
YER125W,0.5305031,0.002158645,0.01516662,Upregulated
YER137C,1.128605,9.158865e-6,2.363063e-4,Upregulated
YER154W,0.5378875,0.0085404709999999991,0.0419468,Upregulated
YER155C,0.5453225,1.638163e-5,3.637893e-4,Upregulated
YER158C,0.5188115,0.004714574,0.02687005,Upregulated
YER161C,0.601063,3.491572e-4,0.003961787,Upregulated
YER188C-A,0.7658847,0.006111627,0.03267592,Upregulated
YFL002C,0.515681,6.118932e-4,0.005946427,Upregulated
YFL008W,0.6835248,0.001672195,0.01255447,Upregulated
YFL031W,0.7466348,0.001533158,0.01186964,Upregulated
YFL034W,0.5389257,1.925716e-5,4.124082e-4,Upregulated
YFL060C,1.025697,4.807742e-4,0.004986862,Upregulated
YFR003C,0.8357828,2.523522e-5,5.111554e-4,Upregulated
YFR010W,0.800882,3.540374e-5,6.670923e-4,Upregulated
YFR013W,0.8667738,7.149269e-7,3.631832e-5,Upregulated
YFR016C,0.5919778,2.263305e-4,0.002846387,Upregulated
YFR028C,0.6480893,0.001954404,0.01423007,Upregulated
YFR029W,0.5345066,0.00214709,0.01513448,Upregulated
YFR031C,0.6637193,8.750426e-7,4.060459e-5,Upregulated
YFR033C,0.9348623,1.121688e-4,0.00163341,Upregulated
YFR037C,0.6373924,0.003815373,0.023033,Upregulated
YFR038W,0.641434,6.371172e-5,0.001037067,Upregulated
YGL009C,0.6024936,0.003284697,0.02077746,Upregulated
YGL019W,0.6679379,0.002577032,0.017512550000000002,Upregulated
YGL023C,0.7278101,0.001997242,0.01442375,Upregulated
YGL061C,0.616337,0.006267584,0.033394890000000003,Upregulated
YGL081W,0.6536156,0.003400787,0.02126588,Upregulated
YGL092W,0.5990047,6.066152e-5,0.001007665,Upregulated
YGL093W,0.5820041,0.00569648,0.03095618,Upregulated
YGL094C,0.5740952,0.001133371,0.009321828,Upregulated
YGL099W,0.6529629,4.2703e-4,0.004538927,Upregulated
YGL105W,0.7195231,3.077227e-4,0.003603427,Upregulated
YGL108C,0.7250599,5.81675e-4,0.005704819,Upregulated
YGL128C,0.7258383,0.00209852,0.01491268,Upregulated
YGL137W,0.7593709,5.760342e-5,9.680488e-4,Upregulated
YGL143C,0.547847,0.009567422,0.04551663,Upregulated
YGL163C,0.7217355,7.156543e-4,0.006592502,Upregulated
YGL174W,1.117548,1.907334e-6,7.231587e-5,Upregulated
YGL207W,0.9406196,2.704944e-8,2.850736e-6,Upregulated
YGL208W,0.7810497,0.002378574,0.01641507,Upregulated
YGL209W,0.8927502,8.317365e-4,0.007388196,Upregulated
YGL210W,0.8185919,3.478694e-5,6.614837e-4,Upregulated
YGL216W,0.8162233,2.582669e-6,9.072901e-5,Upregulated
YGL222C,0.7153159,0.002698264,0.01811302,Upregulated
YGL242C,0.6948589,2.26594e-4,0.002846387,Upregulated
YGR001C,0.7993374,1.825738e-4,0.002420563,Upregulated
YGR017W,0.8361717,1.082833e-4,0.001596997,Upregulated
YGR033C,0.8360827,6.366718e-6,1.807683e-4,Upregulated
YGR047C,0.6847492,2.682044e-4,0.003257217,Upregulated
YGR072W,0.6867649,1.094731e-4,0.001609229,Upregulated
YGR083C,0.6760382,4.141827e-4,0.004440324,Upregulated
YGR093W,0.5631422,0.003633658,0.02223828,Upregulated
YGR094W,0.7349413,8.929817e-5,0.001345048,Upregulated
YGR112W,0.6432082,0.007448866,0.03802713,Upregulated
YGR113W,0.5183856,0.006463555,0.03414428,Upregulated
YGR152C,0.6167934,0.003898586,0.02342165,Upregulated
YGR153W,0.9640637,1.008974e-4,0.001508125,Upregulated
YGR154C,0.9153236,7.472545e-4,0.006749395,Upregulated
YGR159C,0.6539822,0.009489754,0.04535021,Upregulated
YGR167W,0.5989182,7.445962e-4,0.006749395,Upregulated
YGR174C,0.9653631,1.642143e-4,0.002224585,Upregulated
YGR187C,0.5879902,0.009243039,0.04451837,Upregulated
YGR231C,0.5126246,0.009495975,0.04535021,Upregulated
YGR266W,0.6691211,0.001611805,0.01225208,Upregulated
YGR278W,0.7635281,5.399555e-5,9.249156e-4,Upregulated
YGR281W,0.511425,0.01066807,0.0496141,Upregulated
YGR283C,0.7880655,1.843643e-4,0.002433921,Upregulated
YGR285C,0.9354348,1.541426e-5,3.520657e-4,Upregulated
YHL010C,0.6193169,1.213299e-4,0.001737892,Upregulated
YHL024W,0.9962198,1.348061e-4,0.001882298,Upregulated
YHL031C,0.7311248,0.002706175,0.01811302,Upregulated
YHR004C,0.5463286,0.003369315,0.02118898,Upregulated
YHR008C,1.069311,1.276416e-5,3.064384e-4,Upregulated
YHR027C,0.6761821,2.569033e-4,0.003144536,Upregulated
YHR064C,0.6208965,0.001673795,0.01255447,Upregulated
YHR089C,0.6713333,0.003402951,0.02126588,Upregulated
YHR107C,0.8698907,1.50339e-8,1.81496e-6,Upregulated
YHR108W,0.537853,0.003892561,0.02340807,Upregulated
YHR117W,0.9026637,1.14518e-6,4.938497e-5,Upregulated
YHR119W,0.9259989,1.057451e-10,3.131063e-8,Upregulated
YHR127W,0.8006275,2.174362e-4,0.002787666,Upregulated
YHR135C,0.5766346,6.845324e-5,0.0011027,Upregulated
YHR179W,1.092988,3.326144e-7,1.98865e-5,Upregulated
YHR182W,0.6064231,6.175846e-4,0.00599086,Upregulated
YHR191C,0.7136237,0.007839645,0.03940737,Upregulated
YHR192W,0.5320585,0.001003274,0.008487562,Upregulated
YHR205W,0.683023,2.623112e-4,0.003204423,Upregulated
YHR207C,0.6799122,0.0051532,0.02873776,Upregulated
YIL026C,0.6073351,0.003947247,0.02364545,Upregulated
YIL063C,0.7712069,2.380896e-6,8.557462e-5,Upregulated
YIL064W,0.8824329,2.105596e-4,0.002716306,Upregulated
YIL075C,0.7592673,2.075889e-5,4.36077e-4,Upregulated
YIL091C,0.6843491,0.003540007,0.02183706,Upregulated
YIL115C,0.5750193,3.524599e-5,6.668338e-4,Upregulated
YIL125W,0.6395752,8.442503e-4,0.007456745,Upregulated
YIL131C,0.8540732,2.190511e-4,0.002790655,Upregulated
YIL172C,3.686138,7.750669e-5,0.001220093,Upregulated
YIR002C,0.8680588,8.938815e-9,1.134317e-6,Upregulated
YIR003W,0.6572883,5.795166e-4,0.005702722,Upregulated
YIR010W,0.9923805,8.476681e-7,3.993031e-5,Upregulated
YJL013C,0.7559236,3.76593e-4,0.004174074,Upregulated
YJL014W,0.6148963,7.409671e-5,0.00117534,Upregulated
YJL029C,0.7222062,1.093116e-7,8.030891e-6,Upregulated
YJL034W,0.6866697,4.235733e-4,0.004525393,Upregulated
YJL066C,0.6365583,0.008707522,0.04259136,Upregulated
YJL074C,0.7929188,6.310467e-5,0.001029881,Upregulated
YJL076W,0.5276488,0.001656858,0.01250228,Upregulated
YJL080C,0.5050758,0.0079194,0.03964801,Upregulated
YJL084C,0.6241661,2.568199e-4,0.003144536,Upregulated
YJL092W,0.8852889,3.826879e-12,5.262751e-9,Upregulated
YJL098W,0.7121364,0.002522167,0.01719609,Upregulated
YJL102W,0.7669668,5.166353e-4,0.005249082,Upregulated
YJL104W,0.7167577,0.001056868,0.00882095,Upregulated
YJL107C,0.7214886,0.002874375,0.01890209,Upregulated
YJL122W,0.6830944,0.006783242,0.03532513,Upregulated
YJL123C,0.7192311,1.651214e-5,3.653826e-4,Upregulated
YJL124C,0.6604789,0.001607345,0.01223313,Upregulated
YJL125C,0.6039452,0.01020214,0.04790538,Upregulated
YJL127C,0.6680734,2.531668e-5,5.111554e-4,Upregulated
YJL148W,0.6791618,0.006407793,0.03396731,Upregulated
YJL162C,0.810701,1.903209e-5,4.124082e-4,Upregulated
YJL176C,0.8598775,4.171583e-8,3.9906e-6,Upregulated
YJL183W,0.5397181,9.898044e-4,0.008407929,Upregulated
YJL184W,0.7732977,3.42685e-4,0.003902592,Upregulated
YJL187C,0.9844592,4.782352e-6,1.429647e-4,Upregulated
YJR002W,0.587572,0.003066532,0.01985238,Upregulated
YJR004C,0.7012296,6.206826e-4,0.006002184,Upregulated
YJR006W,0.5337659,0.005070152,0.02840278,Upregulated
YJR014W,0.7326594,2.144797e-5,4.460317e-4,Upregulated
YJR041C,0.6035161,9.957004e-4,0.008446473,Upregulated
YJR043C,0.6496143,0.007257606,0.0372649,Upregulated
YJR052W,0.6469002,5.717936e-4,0.005670515,Upregulated
YJR054W,0.8515861,3.500106e-6,1.157641e-4,Upregulated
YJR056C,0.959847,3.326311e-5,6.383642e-4,Upregulated
YJR057W,0.5336089,0.004465095,0.02566344,Upregulated
YJR059W,0.5014327,0.00309574,0.01996816,Upregulated
YJR060W,0.6739272,8.688297e-4,0.00760899,Upregulated
YJR061W,0.5895149,0.005053194,0.02835808,Upregulated
YJR072C,0.9290385,8.463485e-7,3.993031e-5,Upregulated
YJR074W,0.6770002,0.005700358,0.03095618,Upregulated
YJR076C,0.7332258,2.990179e-6,1.016007e-4,Upregulated
YJR089W,0.6559207,7.516897e-5,0.001188385,Upregulated
YJR112W,1.189679,4.439971e-5,7.933259e-4,Upregulated
YJR140C,0.5657207,3.58944e-4,0.004036011,Upregulated
YKL012W,0.6385296,5.132197e-5,8.948427e-4,Upregulated
YKL033W,0.5258384,0.002467738,0.01691774,Upregulated
YKL050C,0.8793256,4.694978e-5,8.246715e-4,Upregulated
YKL054C,0.5983167,7.44739e-4,0.006749395,Upregulated
YKL064W,0.6375945,7.466746e-4,0.006749395,Upregulated
YKL079W,0.5740788,7.807413e-4,0.007025542,Upregulated
YKL101W,1.037803,2.138858e-6,7.916321e-5,Upregulated
YKL104C,0.6422089,8.838645e-4,0.007697296,Upregulated
YKL113C,1.0847,4.526569e-6,1.386513e-4,Upregulated
YKL114C,0.8905425,8.584776e-8,6.843608e-6,Upregulated
YKL117W,0.7864064,2.621274e-5,5.224064e-4,Upregulated
YKL139W,0.681636,4.858181e-4,0.005017968,Upregulated
YKL149C,0.6572435,3.902821e-4,0.004295175,Upregulated
YKL155C,0.5007794,0.005763767,0.03121873,Upregulated
YKL180W,0.5904249,0.008237462,0.04080259,Upregulated
YKL191W,0.6630204,0.009471804,0.04533924,Upregulated
YKL195W,0.6398285,1.621701e-5,3.627242e-4,Upregulated
YKL216W,0.9866788,5.479542e-6,1.599615e-4,Upregulated
YKR001C,0.7057927,1.014103e-6,4.501818e-5,Upregulated
YKR002W,0.9896202,7.407353e-11,2.788438e-8,Upregulated
YKR006C,0.625133,0.003885699,0.02338942,Upregulated
YKR010C,0.5457553,0.002847449,0.01877565,Upregulated
YKR016W,0.6107241,3.349892e-4,0.003836028,Upregulated
YKR019C,0.5623726,0.002431423,0.0167241,Upregulated
YKR022C,0.7812952,3.20931e-6,1.073413e-4,Upregulated
YKR037C,1.091197,1.28849e-6,5.413399e-5,Upregulated
YKR048C,0.7092238,0.002981551,0.01935207,Upregulated
YKR050W,0.6770524,6.120478e-4,0.005946427,Upregulated
YKR055W,0.9023316,0.001541661,0.01190813,Upregulated
YKR056W,0.9771753,3.22818e-6,1.073413e-4,Upregulated
YKR071C,0.7669591,1.52648e-6,6.148403e-5,Upregulated
YKR072C,0.5987072,7.129893e-4,0.006577696,Upregulated
YKR090W,0.7034842,0.002370559,0.0163888,Upregulated
YKR095W,0.5421656,7.530134e-5,0.001188385,Upregulated
YLL018C,0.5443062,0.004023675,0.02391894,Upregulated
YLL021W,0.5410281,0.004868936,0.02764844,Upregulated
YLL022C,1.183199,1.117807e-7,8.030891e-6,Upregulated
YLL034C,0.6194114,0.001062751,0.008834469,Upregulated
YLL036C,0.7753454,1.172399e-6,4.993136e-5,Upregulated
YLR002C,0.6233256,0.002980882,0.01935207,Upregulated
YLR003C,0.7326566,1.083842e-4,0.001596997,Upregulated
YLR019W,1.021747,1.188022e-6,5.025254e-5,Upregulated
YLR023C,0.6165697,3.620839e-4,0.004056644,Upregulated
YLR025W,0.839431,5.428039e-8,4.82165e-6,Upregulated
YLR032W,1.219791,7.035238e-10,1.272114e-7,Upregulated
YLR045C,0.5014558,0.005256377,0.02907843,Upregulated
YLR086W,0.7564326,4.487176e-6,1.38125e-4,Upregulated
YLR095C,0.5606094,0.001902965,0.01393715,Upregulated
YLR103C,0.6844232,0.005643892,0.03075137,Upregulated
YLR106C,0.9377904,6.655353e-6,1.864098e-4,Upregulated
YLR115W,0.6293938,7.795377e-5,0.001224032,Upregulated
YLR119W,0.6728639,7.244856e-4,0.006654138,Upregulated
YLR122C,0.6787889,0.003511596,0.02170487,Upregulated
YLR135W,0.5528626,0.00439279,0.02536084,Upregulated
YLR141W,0.6650405,0.001509319,0.01174784,Upregulated
YLR151C,0.582182,0.01052593,0.0491368,Upregulated
YLR172C,0.851531,7.821102e-6,2.112755e-4,Upregulated
YLR176C,0.7363972,1.254212e-5,3.051248e-4,Upregulated
YLR181C,0.8095018,1.284069e-5,3.0709e-4,Upregulated
YLR183C,0.7244663,5.600241e-4,0.005607456,Upregulated
YLR187W,0.5432663,0.00794283,0.03965221,Upregulated
YLR189C,0.5334909,0.002453656,0.01685838,Upregulated
YLR192C,0.7231118,2.250924e-4,0.002838995,Upregulated
YLR204W,0.6880233,2.2234e-4,0.002815703,Upregulated
YLR210W,0.613764,0.006468633,0.03414428,Upregulated
YLR220W,0.6267892,0.004299642,0.02503293,Upregulated
YLR253W,0.7116373,8.894551e-4,0.007735149,Upregulated
YLR257W,0.8190643,6.09331e-5,0.001007665,Upregulated
YLR259C,0.5792638,0.00764235,0.03860287,Upregulated
YLR260W,0.905619,2.988855e-5,5.834989e-4,Upregulated
YLR272C,1.099145,1.783433e-7,1.179722e-5,Upregulated
YLR276C,0.6621901,0.005516694,0.03022274,Upregulated
YLR289W,0.5688144,0.003194737,0.02039515,Upregulated
YLR293C,0.5104232,0.006555248,0.03448438,Upregulated
YLR309C,0.5355352,2.578881e-5,5.156104e-4,Upregulated
YLR324W,0.58879,0.00175804,0.01307595,Upregulated
YLR326W,0.6240487,0.003487975,0.02164494,Upregulated
YLR335W,0.8014196,8.649471e-11,2.830653e-8,Upregulated
YLR336C,0.5733302,0.001327544,0.01058291,Upregulated
YLR353W,0.847533,4.26446e-5,7.753337e-4,Upregulated
YLR363W-A,0.9487848,6.900704e-4,0.00642344,Upregulated
YLR383W,0.8651944,8.879882e-7,4.067566e-5,Upregulated
YLR384C,0.5526041,4.475624e-4,0.004716852,Upregulated
YLR394W,1.028535,9.799289e-7,4.415361e-5,Upregulated
YLR399C,0.5353503,4.28458e-4,0.004546334,Upregulated
YLR401C,0.6898341,0.004075356,0.02413387,Upregulated
YLR407W,1.0177,5.297254e-5,9.174939e-4,Upregulated
YLR418C,0.6261557,3.854392e-4,0.004249399,Upregulated
YLR427W,0.7844562,3.883138e-7,2.277863e-5,Upregulated
YLR429W,0.7642151,3.064373e-5,5.944437e-4,Upregulated
YLR430W,0.9428184,1.591433e-7,1.087421e-5,Upregulated
YLR442C,0.892334,1.259347e-9,2.060689e-7,Upregulated
YLR451W,0.5476644,0.001652049,0.0124817,Upregulated
YLR455W,0.9664241,3.926783e-7,2.281938e-5,Upregulated
YML007W,0.648597,1.994536e-4,0.002592707,Upregulated
YML009C,0.8205883,3.526522e-4,0.003986894,Upregulated
YML015C,1.221667,5.156712e-11,2.466495e-8,Upregulated
YML032C,0.8729514,3.171281e-4,0.003685799,Upregulated
YML049C,0.724772,1.425053e-5,3.352719e-4,Upregulated
YML053C,0.6984033,0.001192631,0.009655959,Upregulated
YML054C,1.048445,2.967232e-4,0.003527773,Upregulated
YML061C,0.552311,0.00308684,0.01993144,Upregulated
YML065W,0.6908903,8.64033e-5,0.001312553,Upregulated
YML071C,0.7122678,3.652394e-5,6.842221e-4,Upregulated
YML097C,0.5271243,0.001325252,0.0105782,Upregulated
YML104C,0.6514559,8.228325e-4,0.007340563,Upregulated
YML109W,0.7634705,3.068775e-5,5.944437e-4,Upregulated
YML117W,0.5711549,6.765689e-4,0.006350786,Upregulated
YML124C,0.8241566,3.796887e-4,0.004200898,Upregulated
YMR004W,0.7843965,2.308645e-5,4.753363e-4,Upregulated
YMR005W,0.8234827,1.031493e-5,2.596689e-4,Upregulated
YMR014W,0.681023,0.002631377,0.01780403,Upregulated
YMR048W,0.8441911,0.001561129,0.01198407,Upregulated
YMR076C,1.687229,4.780171e-10,9.907701e-8,Upregulated
YMR089C,0.7305773,5.47764e-7,2.989161e-5,Upregulated
YMR098C,0.85605850000000006,5.024864e-7,2.814829e-5,Upregulated
YMR101C,1.047949,3.918055e-5,7.235832e-4,Upregulated
YMR111C,0.6759258,0.003241272,0.0206071,Upregulated
YMR127C,1.329302,1.311161e-6,5.471679e-5,Upregulated
YMR128W,0.5696025,0.01014299,0.04774344,Upregulated
YMR145C,0.6017681,0.01030901,0.0483055,Upregulated
YMR172W,0.5701371,0.009226395,0.04447266,Upregulated
YMR184W,0.8112168,1.065428e-4,0.00157734,Upregulated
YMR186W,1.068915,4.231868e-12,5.262751e-9,Upregulated
YMR190C,0.7076965,1.13053e-4,0.001642438,Upregulated
YMR201C,0.5798353,0.004168918,0.02448965,Upregulated
YMR207C,0.570249,0.001133027,0.009321828,Upregulated
YMR224C,1.108065,1.028077e-6,4.501818e-5,Upregulated
YMR227C,0.5050372,0.003694487,0.02246807,Upregulated
YMR229C,0.8072031,1.934166e-4,0.002524417,Upregulated
YMR273C,0.6449459,2.550609e-4,0.003134325,Upregulated
YMR277W,1.189466,2.056079e-7,1.31801e-5,Upregulated
YMR287C,0.504623,5.806968e-4,0.005704223,Upregulated
YMR290C,0.7509901,7.272166e-4,0.00666937,Upregulated
YMR295C,1.202807,3.417936e-11,2.125272e-8,Upregulated
YMR314W,0.687443,7.086512e-5,0.001132749,Upregulated
YNCA0003W,1.052898,0.00011753250000000001,0.001695631,Upregulated
YNCC0005W,1.036147,0.003577397,0.02202401,Upregulated
YNCD0031C,7.573808,1.760534e-4,0.002358243,Upregulated
YNCE0011C,0.885669,0.002482528,0.01700039,Upregulated
YNCF0012C,0.7354728,0.005647808,0.03075137,Upregulated
YNCG0034W,1.798373,0.001737151,0.01295936,Upregulated
YNCG0039W,2.062648,0.001450917,0.01139133,Upregulated
YNCH0014W,0.8836368,0.001461066,0.01144195,Upregulated
YNCI0001W,0.6561237,2.131313e-4,0.002743789,Upregulated
YNCI0010C,20.49454,1.893933e-7,1.239629e-5,Upregulated
YNCJ0019C,20.89575,7.708091e-11,2.788438e-8,Upregulated
YNCJ0024W,19.2018,3.238643e-7,1.974302e-5,Upregulated
YNCK0008W,1.515348,0.002173437,0.01523611,Upregulated
YNCK0013W,0.76378,0.004697832,0.02679919,Upregulated
YNCM0012W,1.127535,5.137646e-5,8.948427e-4,Upregulated
YNCM0014W,1.045653,8.933818e-5,0.001345048,Upregulated
YNCN0014W,0.6655084,0.005487025,0.03010203,Upregulated
YNCO0004C,0.9413198,0.004061163,0.02409572,Upregulated
YNCO0017W,0.6285693,0.006992879,0.03629526,Upregulated
YNCP0007C,6.604124,2.006194e-4,0.002598857,Upregulated
YNL016W,0.6356405,2.528486e-4,0.003113293,Upregulated
YNL039W,0.6785881,9.669717e-6,2.454135e-4,Upregulated
YNL054W,0.559162,0.002034712,0.01460951,Upregulated
YNL059C,0.6342253,1.31604e-4,0.00186404,Upregulated
YNL068C,0.6316741,6.409992e-4,0.006122478,Upregulated
YNL079C,0.7815072,2.524783e-6,8.919942e-5,Upregulated
YNL087W,0.7927338,3.226495e-7,1.974302e-5,Upregulated
YNL088W,1.092767,7.590775e-12,7.866573e-9,Upregulated
YNL113W,0.6793425,0.008261762,0.04083596,Upregulated
YNL138W-A,0.7353656,0.004770372,0.02716316,Upregulated
YNL154C,0.6018722,0.001292398,0.01035584,Upregulated
YNL155C-A,0.5847284,0.01059681,0.04937462,Upregulated
YNL165W,0.6462163,0.004957757,0.02799939,Upregulated
YNL177C,0.563861,6.047987e-5,0.001007665,Upregulated
YNL181W,0.5628496,0.00223422,0.0155919,Upregulated
YNL225C,0.6073915,0.00118274,0.009613436,Upregulated
YNL227C,0.9736445,2.576891e-8,2.762605e-6,Upregulated
YNL232W,1.069595,5.948155e-7,3.161165e-5,Upregulated
YNL246W,0.5353929,0.008617466,0.04229156,Upregulated
YNL247W,0.7038227,3.319902e-4,0.003815587,Upregulated
YNL248C,0.6535584,0.003434643,0.02137799,Upregulated
YNL252C,0.6672877,3.144493e-4,0.003668379,Upregulated
YNL254C,0.5096842,0.002799775,0.01850053,Upregulated
YNL262W,0.7675054,1.809994e-4,0.002409966,Upregulated
YNL273W,0.7061781,6.475974e-5,0.001048636,Upregulated
YNL292W,0.6877332,0.001574625,0.0120579,Upregulated
YNL294C,0.7811785,3.860586e-6,1.226173e-4,Upregulated
YNL299W,0.6493431,0.007047465,0.03645685,Upregulated
YNL304W,0.9915946,3.934929e-5,7.238872e-4,Upregulated
YNL312W,0.6882801,0.006335504,0.03361277,Upregulated
YNL330C,0.5783351,7.53794e-4,0.006792886,Upregulated
YNR012W,0.5623325,0.004974878,0.02804514,Upregulated
YNR022C,0.5142741,0.001257121,0.01012536,Upregulated
YNR038W,0.5934025,0.01008876,0.04759628,Upregulated
YNR051C,0.5369389,0.004279509,0.0249424,Upregulated
YOL004W,0.7585987,3.618666e-6,1.177649e-4,Upregulated
YOL006C,0.5227049,0.007350235,0.03770937,Upregulated
YOL012C,0.755753,1.763562e-4,0.002358243,Upregulated
YOL017W,0.8504998,8.720381e-4,0.007615636,Upregulated
YOL022C,0.7818632,1.390208e-5,3.299356e-4,Upregulated
YOL027C,1.042696,2.649922e-9,3.831911e-7,Upregulated
YOL029C,0.9913479,1.555639e-4,0.002121264,Upregulated
YOL038W,0.7450171,2.1833e-4,0.002788334,Upregulated
YOL054W,0.7602385,3.667871e-4,0.004094582,Upregulated
YOL070C,0.8698026,1.614149e-6,6.356882e-5,Upregulated
YOL071W,0.9590949,5.078566e-5,8.895359e-4,Upregulated
YOL112W,0.8492994,1.151628e-6,4.938497e-5,Upregulated
YOL125W,0.5637209,0.009514144,0.04535546,Upregulated
YOL135C,0.5494502,0.007945748,0.03965221,Upregulated
YOL144W,0.6351315,0.003989031,0.02375843,Upregulated
YOL145C,0.71361,1.251666e-5,3.051248e-4,Upregulated
YOR004W,0.6955315,0.002545674,0.01733735,Upregulated
YOR006C,0.5593567,0.005980657,0.03214151,Upregulated
YOR017W,0.8884475,1.197276e-9,2.012071e-7,Upregulated
YOR027W,0.9140117,1.440565e-6,5.893049e-5,Upregulated
YOR052C,1.048057,3.619163e-6,1.177649e-4,Upregulated
YOR056C,0.6486613,7.10948e-4,0.006576307,Upregulated
YOR057W,0.5012659,0.00197366,0.01431997,Upregulated
YOR064C,1.018357,1.586199e-6,6.322425e-5,Upregulated
YOR066W,0.5487807,0.00312422,0.02011014,Upregulated
YOR073W,1.086121,1.847055e-6,7.133533e-5,Upregulated
YOR078W,0.9971359,6.739101e-6,1.879091e-4,Upregulated
YOR083W,0.6006407,0.008902879,0.04321719,Upregulated
YOR091W,0.7660761,5.710434e-4,0.005670515,Upregulated
YOR104W,0.8401176,1.256223e-5,3.051248e-4,Upregulated
YOR106W,0.9661843,5.88626e-5,9.865435e-4,Upregulated
YOR110W,0.7145704,1.469006e-4,0.002020858,Upregulated
YOR112W,0.58851,0.00428008,0.0249424,Upregulated
YOR119C,0.9391974,8.728648e-5,0.001320553,Upregulated
YOR124C,0.5995447,1.21418e-4,0.001737892,Upregulated
YOR127W,0.6880908,3.611645e-6,1.177649e-4,Upregulated
YOR132W,0.6184113,0.001131528,0.009321828,Upregulated
YOR142W,0.6760563,0.002052029,0.01468299,Upregulated
YOR168W,0.5502117,1.93655e-4,0.002524417,Upregulated
YOR174W,0.9600406,2.178014e-5,4.514298e-4,Upregulated
YOR188W,1.181361,1.636791e-10,4.117033e-8,Upregulated
YOR198C,0.6259408,8.385658e-5,0.001284646,Upregulated
YOR205C,0.5090158,0.007620568,0.03858688,Upregulated
YOR216C,0.8369917,6.437465e-6,1.816078e-4,Upregulated
YOR217W,0.7189156,4.09742e-4,0.004423874,Upregulated
YOR239W,0.8303691,2.193416e-6,8.070214e-5,Upregulated
YOR242C,1.177927,1.066137e-5,2.671543e-4,Upregulated
YOR252W,0.7990067,0.003784838,0.02291541,Upregulated
YOR259C,0.5478398,0.002003528,0.01445236,Upregulated
YOR262W,0.5936726,0.002966177,0.01929256,Upregulated
YOR265W,0.5736884,0.002115027,0.01494757,Upregulated
YOR290C,0.8180904,1.117138e-7,8.030891e-6,Upregulated
YOR304C-A,0.7275464,0.008892195,0.04321719,Upregulated
YOR310C,0.7494139,0.001850464,0.01360069,Upregulated
YOR326W,1.008248,2.256262e-9,3.367892e-7,Upregulated
YOR340C,0.6917926,0.002009193,0.01447644,Upregulated
YOR361C,0.7186122,1.40362e-7,9.697453e-6,Upregulated
YOR362C,0.5098331,8.763616e-4,0.00764266,Upregulated
YOR373W,0.7996905,2.161296e-4,0.002776641,Upregulated
YPL009C,0.6706814,8.972135e-6,2.353955e-4,Upregulated
YPL026C,0.5982255,0.004884237,0.02768476,Upregulated
YPL048W,0.7084144,2.408975e-4,0.002989822,Upregulated
YPL063W,0.7896077,2.803284e-8,2.857512e-6,Upregulated
YPL082C,0.5756959,4.93587e-4,0.005070764,Upregulated
YPL085W,0.6514965,4.554605e-5,8.045606e-4,Upregulated
YPL091W,0.5032095,0.001185964,0.009627053,Upregulated
YPL093W,0.8672762,5.853111e-4,0.00573144,Upregulated
YPL101W,0.7007564,0.003852739,0.02323602,Upregulated
YPL105C,0.6374436,1.038235e-4,0.00154075,Upregulated
YPL106C,0.8101175,2.987241e-7,1.895374e-5,Upregulated
YPL110C,0.783428,1.231459e-7,8.701374e-6,Upregulated
YPL116W,0.6860172,0.001593172,0.01215503,Upregulated
YPL127C,0.9043746,1.559101e-5,3.525268e-4,Upregulated
YPL145C,0.9800921,3.325999e-7,1.98865e-5,Upregulated
YPL147W,0.7209273,0.003700113,0.02246807,Upregulated
YPL160W,0.6324698,8.588443e-4,0.007564155,Upregulated
YPL161C,0.6737043,3.31856e-4,0.003815587,Upregulated
YPL181W,0.643786,8.41275e-4,0.007444466,Upregulated
YPL193W,0.6450484,9.064345e-4,0.007861366,Upregulated
YPL217C,0.7813776,2.085439e-4,0.002695895,Upregulated
YPL232W,0.6029429,0.001466554,0.01147048,Upregulated
YPL235W,0.6066882,3.017897e-4,0.003554032,Upregulated
YPL239W,0.6046222,0.01073561,0.04985366,Upregulated
YPL240C,0.6958949,0.002062469,0.01474073,Upregulated
YPL256C,1.585043,7.187413e-11,2.788438e-8,Upregulated
YPR018W,0.7597652,0.001891919,0.01388896,Upregulated
YPR037C,0.7739363,0.003961639,0.02370883,Upregulated
YPR049C,0.6133971,0.003209951,0.02047126,Upregulated
YPR075C,0.8438879,3.067474e-4,0.003598784,Upregulated
YPR078C,0.8939622,0.002131585,0.01504449,Upregulated
YPR104C,0.5558719,0.004095692,0.02420819,Upregulated
YPR125W,0.5637316,0.002372132,0.0163888,Upregulated
YPR129W,0.7931534,2.95724e-6,1.010485e-4,Upregulated
YPR141C,1.034213,5.909667e-7,3.161165e-5,Upregulated
YPR148C,0.5278243,0.004971169,0.02804514,Upregulated
YPR151C,0.9548504,4.11554e-4,0.004423874,Upregulated
YPR163C,0.6941206,0.001305505,0.0104474,Upregulated
YPR165W,0.5899133,3.765415e-4,0.004174074,Upregulated
YPR180W,0.6242493,1.858696e-4,0.002447631,Upregulated
YPR188C,0.7789222,2.526485e-5,5.111554e-4,Upregulated
Q0020,-1.120311,1.321372e-4,0.001864099,Downregulated
Q0050,-0.9144863,4.423992e-5,7.927488e-4,Downregulated
Q0055,-1.61033,2.991002e-11,2.06645e-8,Downregulated
Q0060,-1.404737,1.213829e-8,1.509518e-6,Downregulated
Q0075,-1.317387,8.611253e-6,2.29766e-4,Downregulated
Q0085,-1.42464,5.11836e-6,1.522773e-4,Downregulated
Q0110,-0.7625803,3.372637e-4,0.003854973,Downregulated
Q0140,-0.9150342,0.001281654,0.010283,Downregulated
Q0158,-1.523748,1.580627e-9,2.520087e-7,Downregulated
Q0255,-1.008637,3.57586e-4,0.004028025,Downregulated
tM(CAU)Q1,-0.571976,0.004456539,0.02565811,Downregulated
YAL028W,-0.5439421,0.009459301,0.04531428,Downregulated
YAL042W,-0.7400659,0.004199115,0.02460895,Downregulated
YAL056W,-0.6271781,0.005213631,0.02892532,Downregulated
YAR061W,-1.169691,8.654658e-5,0.001312553,Downregulated
YBL003C,-0.8953656,1.825208e-4,0.002420563,Downregulated
YBL016W,-0.7358359,0.007536638,0.03834167,Downregulated
YBL019W,-0.7293291,0.003981236,0.02375751,Downregulated
YBL029W,-1.008784,3.129491e-7,1.965573e-5,Downregulated
YBL040C,-0.9426513,1.103142e-4,0.001617769,Downregulated
YBL045C,-0.692309,0.002067381,0.01474194,Downregulated
YBL089W,-0.7799577,6.468018e-5,0.001048636,Downregulated
YBR009C,-1.153691,1.344336e-4,0.001882298,Downregulated
YBR010W,-0.7595007,0.004396749,0.02536084,Downregulated
YBR022W,-1.015279,2.979394e-4,0.003535472,Downregulated
YBR027C,-0.7659226,0.001905509,0.01393936,Downregulated
YBR029C,-0.6796747,0.002456608,0.01686003,Downregulated
YBR033W,-0.6310891,0.007378524,0.03778216,Downregulated
YBR036C,-0.6889294,7.223347e-4,0.006644197,Downregulated
YBR039W,-0.8071849,0.002066028,0.01474194,Downregulated
YBR041W,-0.5715677,9.665163e-4,0.008265103,Downregulated
YBR042C,-0.8300179,0.00164201,0.01242094,Downregulated
YBR054W,-1.323601,1.833373e-6,7.124948e-5,Downregulated
YBR077C,-0.7106327,0.002696915,0.01811302,Downregulated
YBR078W,-0.9655761,2.926523e-4,0.003499446,Downregulated
YBR085C-A,-0.7567581,0.00793473,0.03965221,Downregulated
YBR085W,-0.7861869,0.006109556,0.03267592,Downregulated
YBR093C,-0.8575404,0.00315467,0.02022241,Downregulated
YBR096W,-0.5779516,0.008970345,0.04347436,Downregulated
YBR104W,-1.10839,3.264212e-5,6.283861e-4,Downregulated
YBR115C,-0.6092686,6.923207e-4,0.006425149,Downregulated
YBR139W,-1.074568,3.636355e-6,1.177649e-4,Downregulated
YBR144C,-0.7722628,0.004883875,0.02768476,Downregulated
YBR145W,-1.977508,1.753441e-8,2.05715e-6,Downregulated
YBR158W,-0.7398817,0.001559175,0.01198387,Downregulated
YBR159W,-0.8188715,3.113642e-4,0.003639216,Downregulated
YBR163W,-0.8062932,3.439832e-5,6.573174e-4,Downregulated
YBR196C,-0.7777224,0.00364268,0.02227157,Downregulated
YBR202W,-0.5247522,0.003692113,0.02246807,Downregulated
YBR204C,-0.9993166,1.661741e-4,0.002241367,Downregulated
YBR207W,-0.9188712,2.109638e-5,4.416745e-4,Downregulated
YBR210W,-1.015322,1.865904e-4,0.002447631,Downregulated
YBR211C,-0.518079,0.00705438,0.03646229,Downregulated
YBR218C,-0.5910427,0.008829215,0.04295779,Downregulated
YBR235W,-0.639348,0.001030425,0.008670069,Downregulated
YBR238C,-0.7638066,0.001156775,0.009458206,Downregulated
YBR256C,-0.7389544,0.004367682,0.02529487,Downregulated
YBR290W,-0.5359683,0.00106827,0.008868499,Downregulated
YBR297W,-1.008147,1.757921e-4,0.002358243,Downregulated
YBR298C,-1.110392,5.309368e-6,1.562388e-4,Downregulated
YBR299W,-1.228335,1.545037e-5,3.520657e-4,Downregulated
YCL025C,-0.968153,1.599314e-5,3.6001e-4,Downregulated
YCL030C,-1.300439,8.720615e-6,2.29766e-4,Downregulated
YCL038C,-1.236154,1.61529e-6,6.356882e-5,Downregulated
YCL039W,-0.9532235,5.756851e-6,1.657227e-4,Downregulated
YCL040W,-0.7881948,5.462589e-4,0.005505086,Downregulated
YCL042W,-1.740674,2.776682e-6,9.699667e-5,Downregulated
YCL043C,-0.7047371,0.006283761,0.03345242,Downregulated
YCL049C,-0.7010225,6.263176e-4,0.006028609,Downregulated
YCL063W,-0.6569141,6.001016e-4,0.005848639,Downregulated
YCL064C,-1.855948,8.722577e-7,4.060459e-5,Downregulated
YCR005C,-1.461336,2.757637e-8,2.857512e-6,Downregulated
YCR012W,-0.9369207,0.001188453,0.009634682,Downregulated
YCR015C,-0.8396277,0.001157558,0.009458206,Downregulated
YCR017C,-0.5235045,5.79627e-4,0.005702722,Downregulated
YCR019W,-0.9272975,6.710632e-4,0.006341445,Downregulated
YCR020C-A,-1.422131,1.458975e-5,3.407247e-4,Downregulated
YCR023C,-0.8600843,1.463067e-5,3.407247e-4,Downregulated
YCR028C,-0.7351009,0.003530332,0.02179901,Downregulated
YCR041W,-0.7621456,9.841592e-4,0.008382879,Downregulated
YCR044C,-0.8741966,5.091439e-4,0.005181435,Downregulated
YCR097W,-0.9177751,2.873792e-4,0.003456333,Downregulated
YDL009C,-1.048392,1.738103e-4,0.002339291,Downregulated
YDL010W,-0.7449389,1.182884e-5,2.907184e-4,Downregulated
YDL027C,-0.5436338,0.00658728,0.03456515,Downregulated
YDL028C,-1.002857,3.212363e-4,0.003719641,Downregulated
YDL070W,-0.5161122,7.346435e-4,0.006707802,Downregulated
YDL078C,-0.6980296,0.0055649,0.0304332,Downregulated
YDL085C-A,-0.626077,0.005382402,0.02969634,Downregulated
YDL102W,-0.6600231,0.003779653,0.02290632,Downregulated
YDL123W,-1.10204,9.556054e-7,4.337193e-5,Downregulated
YDL125C,-0.6004423,0.003075407,0.01987825,Downregulated
YDL168W,-0.630138,0.009195062,0.04442302,Downregulated
YDL184C,-0.7156604,0.007119625,0.03664721,Downregulated
YDL198C,-0.6776559,0.00548982,0.03010203,Downregulated
YDL199C,-0.7661028,2.94885e-4,0.003519377,Downregulated
YDL206W,-0.6831069,6.079621e-5,0.001007665,Downregulated
YDL214C,-0.9857652,6.341815e-4,0.006078604,Downregulated
YDL222C,-0.8411364,0.003609644,0.02215026,Downregulated
YDL237W,-0.7668711,0.002875744,0.01890209,Downregulated
YDR004W,-0.8972407,0.001545852,0.01192569,Downregulated
YDR019C,-1.099744,3.165117e-4,0.003685524,Downregulated
YDR031W,-0.9701117,6.27736e-4,0.006032863,Downregulated
YDR040C,-0.7687428,0.004395299,0.02536084,Downregulated
YDR044W,-0.7007245,0.01036238,0.04851902,Downregulated
YDR045C,-0.7686719,0.00436904,0.02529487,Downregulated
YDR046C,-0.8953098,1.857553e-10,4.442409e-8,Downregulated
YDR050C,-1.234804,1.353148e-4,0.001882298,Downregulated
YDR072C,-0.9196453,1.791544e-5,3.908708e-4,Downregulated
YDR077W,-0.7197202,4.654626e-4,0.004872468,Downregulated
YDR100W,-0.7215214,0.004083008,0.02415618,Downregulated
YDR105C,-0.689844,5.616688e-4,0.005614882,Downregulated
YDR106W,-0.8519765,1.44265e-4,0.001989001,Downregulated
YDR107C,-0.8906946,4.135613e-6,1.29875e-4,Downregulated
YDR131C,-0.6949804,0.003423445,0.02133481,Downregulated
YDR173C,-0.7935505,1.06982e-5,2.671543e-4,Downregulated
YDR178W,-0.937765,8.416629e-4,0.007444466,Downregulated
YDR189W,-0.597977,0.00315353,0.02022241,Downregulated
YDR212W,-0.7544711,0.002355915,0.01631301,Downregulated
YDR225W,-1.120982,7.867524e-5,0.001229152,Downregulated
YDR233C,-1.057607,5.246272e-7,2.912618e-5,Downregulated
YDR235W,-0.6575508,5.591539e-5,9.499505e-4,Downregulated
YDR242W,-0.7654093,6.742952e-4,0.006350786,Downregulated
YDR249C,-0.8346714,1.575917e-4,0.002139531,Downregulated
YDR254W,-0.5433364,0.01020821,0.04790538,Downregulated
YDR259C,-0.5158991,0.005827681,0.03150762,Downregulated
YDR270W,-0.6287153,0.00508039,0.02843372,Downregulated
YDR275W,-0.7061386,0.004499177,0.02580801,Downregulated
YDR276C,-1.057119,2.183851e-4,0.002788334,Downregulated
YDR282C,-0.9694301,4.470823e-5,7.949329e-4,Downregulated
YDR305C,-0.5657606,0.002089636,0.01486654,Downregulated
YDR319C,-0.6989027,0.001702713,0.01272533,Downregulated
YDR320C-A,-0.8725694,0.002797766,0.01850053,Downregulated
YDR328C,-0.6436557,0.007831169,0.03939661,Downregulated
YDR342C,-1.418937,3.373605e-8,3.329695e-6,Downregulated
YDR354W,-0.665567,0.01019342,0.04790538,Downregulated
YDR357C,-0.8157267,0.001832331,0.01351534,Downregulated
YDR370C,-0.7816225,0.001509573,0.01174784,Downregulated
YDR371W,-0.8053992,9.086413e-4,0.007861366,Downregulated
YDR374W-A,-0.8121919,0.003238057,0.0206071,Downregulated
YDR404C,-0.842981,0.001969249,0.01431997,Downregulated
YDR409W,-1.043124,6.077382e-6,1.741436e-4,Downregulated
YDR435C,-0.7800866,0.003698866,0.02246807,Downregulated
YDR456W,-0.8645069,3.791382e-6,1.215197e-4,Downregulated
YDR476C,-1.368213,1.022359e-6,4.501818e-5,Downregulated
YDR481C,-1.080113,6.147004e-7,3.239159e-5,Downregulated
YDR484W,-0.7238744,0.002038205,0.01461772,Downregulated
YDR504C,-0.6126037,0.00742014,0.03791161,Downregulated
YDR524C,-0.945641,8.118169e-7,3.882983e-5,Downregulated
YDR539W,-0.5272536,0.006050838,0.03246257,Downregulated
YEL003W,-1.716808,2.723149e-11,2.06645e-8,Downregulated
YEL004W,-0.5387809,0.009272795,0.04462712,Downregulated
YEL017C-A,-1.696763,2.318729e-6,8.431496e-5,Downregulated
YEL020W-A,-0.9398957,7.457267e-4,0.006749395,Downregulated
YEL024W,-1.831529,9.216961e-6,2.368226e-4,Downregulated
YEL027W,-0.8098826,0.004658194,0.02667095,Downregulated
YEL040W,-1.261233,1.41184e-5,3.337954e-4,Downregulated
YEL044W,-0.9549185,1.274357e-4,0.001809121,Downregulated
YEL046C,-1.499308,8.996551e-8,6.992569e-6,Downregulated
YEL047C,-0.7156613,0.004145314,0.02438558,Downregulated
YEL065W,-1.645396,1.67174e-7,1.129878e-5,Downregulated
YEL071W,-1.403833,8.769341e-8,6.902249e-6,Downregulated
YEL072W,-1.066384,1.152541e-5,2.855179e-4,Downregulated
YER004W,-0.8519744,0.003399886,0.02126588,Downregulated
YER043C,-1.772155,3.759427e-9,5.194693e-7,Downregulated
YER044C,-0.8576032,4.151247e-4,0.004442763,Downregulated
YER046W,-1.170123,1.63761e-5,3.637893e-4,Downregulated
YER055C,-0.9844861,2.862542e-4,0.003449474,Downregulated
YER061C,-0.8064859,0.002930618,0.01912128,Downregulated
YER070W,-1.218996,5.399498e-5,9.249156e-4,Downregulated
YER076C,-0.8733392,0.002798241,0.01850053,Downregulated
YER078C,-1.168876,4.854216e-8,4.528026e-6,Downregulated
YER081W,-0.9683565,5.403169e-8,4.82165e-6,Downregulated
YER086W,-0.7062711,0.002583463,0.01753709,Downregulated
YER091C,-1.049637,5.960671e-4,0.005827587,Downregulated
YER119C,-0.8851576,2.519797e-6,8.919942e-5,Downregulated
YER123W,-0.6408553,0.003550562,0.02188047,Downregulated
YER186C,-0.809959,0.00275543,0.01834396,Downregulated
YER188W,-1.75241,2.063859e-6,7.730768e-5,Downregulated
YFL009W,-0.8069254,3.21502e-5,6.208383e-4,Downregulated
YFL010W-A,-1.49827,4.297077e-6,1.335961e-4,Downregulated
YFL041W,-0.5877089,0.004108555,0.02426115,Downregulated
YFL051C,-0.9327398,0.001580586,0.01207381,Downregulated
YFL052W,-1.29227,9.027457e-6,2.354049e-4,Downregulated
YFL054C,-0.9196934,0.001088523,0.009012566,Downregulated
YFR020W,-1.195342,1.930054e-5,4.124082e-4,Downregulated
YFR022W,-0.6888,0.001167244,0.009499897,Downregulated
YFR035C,-0.7532575,0.00789901,0.03957779,Downregulated
YGL001C,-1.458297,1.06928e-7,8.01058e-6,Downregulated
YGL028C,-1.506958,4.220626e-6,1.318787e-4,Downregulated
YGL041W-A,-0.7784147,0.00148375,0.01157586,Downregulated
YGL054C,-1.295083,2.191085e-5,4.5263e-4,Downregulated
YGL064C,-1.44118,4.404315e-11,2.466495e-8,Downregulated
YGL077C,-1.282701,5.258652e-8,4.808574e-6,Downregulated
YGL082W,-1.350972,2.923915e-6,1.010485e-4,Downregulated
YGL117W,-1.219881,6.175187e-5,0.001015802,Downregulated
YGL118C,-1.03466,7.450239e-4,0.006749395,Downregulated
YGL139W,-1.180952,2.12222e-5,4.428176e-4,Downregulated
YGL159W,-0.9720688,2.279259e-4,0.002857345,Downregulated
YGL162W,-0.8069785,5.534586e-4,0.005559621,Downregulated
YGL167C,-0.9283233,5.225646e-10,1.015408e-7,Downregulated
YGL179C,-0.6114551,0.001578134,0.01206991,Downregulated
YGL184C,-0.9529318,5.030511e-4,0.005136243,Downregulated
YGL186C,-0.7954166,0.001623412,0.01232525,Downregulated
YGL188C-A,-1.75995,5.152457e-6,1.525618e-4,Downregulated
YGL224C,-0.7002821,0.008301932,0.04100192,Downregulated
YGL233W,-0.5402123,0.001994975,0.01442375,Downregulated
YGL234W,-0.7764294,0.006674851,0.03484822,Downregulated
YGL253W,-1.060577,8.328494e-5,0.001284646,Downregulated
YGR029W,-0.6583948,0.002722357,0.01818219,Downregulated
YGR065C,-0.6532274,0.006664562,0.03482374,Downregulated
YGR106C,-0.8547587,0.001080164,0.008955277,Downregulated
YGR117C,-0.6700093,4.988327e-4,0.005109954,Downregulated
YGR121C,-1.180706,2.037498e-6,7.678282e-5,Downregulated
YGR121W-A,-1.092405,4.227279e-5,7.715002e-4,Downregulated
YGR131W,-0.7115892,0.00123842,0.009987669,Downregulated
YGR132C,-0.981937,6.596413e-4,0.006262061,Downregulated
YGR138C,-1.265219,1.751282e-5,3.83432e-4,Downregulated
YGR143W,-0.6730354,0.003927946,0.02355253,Downregulated
YGR155W,-0.6464291,0.005198157,0.02892532,Downregulated
YGR161C,-0.8046573,0.002075667,0.01478407,Downregulated
YGR172C,-0.7016137,0.01047416,0.04900023,Downregulated
YGR191W,-0.947618,3.002706e-4,0.003542851,Downregulated
YGR203W,-1.017478,4.791818e-4,0.00498253,Downregulated
YGR204C-A,-1.125232,3.40546e-4,0.003885348,Downregulated
YGR205W,-0.7356535,0.004126031,0.02429513,Downregulated
YGR210C,-0.8788883,2.196017e-4,0.002790655,Downregulated
YGR212W,-1.097293,6.204695e-5,0.001017963,Downregulated
YGR222W,-1.147647,6.766618e-8,5.609978e-6,Downregulated
YGR233C,-0.6340122,0.002260127,0.01573737,Downregulated
YGR267C,-0.510272,0.001754932,0.01306846,Downregulated
YGR287C,-1.621686,1.978955e-7,1.281786e-5,Downregulated
YGR288W,-1.202115,8.585144e-9,1.112134e-6,Downregulated
YGR295C,-1.158802,5.682017e-5,9.626916e-4,Downregulated
YHL016C,-0.6424179,0.003710071,0.02250656,Downregulated
YHL035C,-0.6418573,8.029844e-5,0.001245126,Downregulated
YHL036W,-0.6768174,0.007866681,0.03948978,Downregulated
YHL042W,-0.7102883,0.009993783,0.04721987,Downregulated
YHL043W,-1.533585,5.85924e-8,5.060105e-6,Downregulated
YHL044W,-1.155907,4.230968e-5,7.715002e-4,Downregulated
YHL047C,-0.864395,4.073233e-4,0.004412432,Downregulated
YHL048W,-0.8987191,6.855475e-4,0.006400502,Downregulated
YHR003C,-1.685547,3.573263e-10,7.857941e-8,Downregulated
YHR005C-A,-0.7934734,0.00182494,0.01347681,Downregulated
YHR018C,-0.981906,1.867477e-4,0.002447631,Downregulated
YHR021W-A,-0.7725945,0.006768675,0.03527881,Downregulated
YHR022C,-0.8380687,0.002631001,0.01780403,Downregulated
YHR026W,-0.9769037,2.989393e-4,0.00354058,Downregulated
YHR029C,-0.9603689,0.001145416,0.009405785,Downregulated
YHR039C,-0.6891483,0.009457986,0.04531428,Downregulated
YHR046C,-1.024524,4.110845e-4,0.004423874,Downregulated
YHR047C,-0.5341274,0.00920181,0.04442302,Downregulated
YHR054C-B,-1.034401,8.256505e-4,0.00735515,Downregulated
YHR056C,-0.5169366,0.005407677,0.02980934,Downregulated
YHR063C,-1.253365,1.021023e-6,4.501818e-5,Downregulated
YHR071W,-0.5977916,0.007520724,0.03833103,Downregulated
YHR086W,-0.6681877,0.005282488,0.0291969,Downregulated
YHR105W,-0.9164536,0.001782454,0.0132259,Downregulated
YHR112C,-1.036718,1.523448e-5,3.520657e-4,Downregulated
YHR120W,-0.7823806,0.002666652,0.01798399,Downregulated
YHR136C,-0.9629599,0.001027925,0.008660754,Downregulated
YHR143W,-0.8256942,0.00349827,0.02168402,Downregulated
YHR147C,-0.9581929,4.747774e-4,0.004945002,Downregulated
YHR167W,-0.9557149,8.291338e-6,2.222222e-4,Downregulated
YHR171W,-0.9476688,2.844581e-4,0.003434486,Downregulated
YHR175W,-0.9859277,6.74116e-4,0.006350786,Downregulated
YHR180W,-1.116754,2.993505e-5,5.834989e-4,Downregulated
YHR210C,-1.210956,5.513916e-5,9.393296e-4,Downregulated
YHR213W-A,-1.101488,1.191767e-4,0.001715372,Downregulated
YHR214C-E,-1.716232,7.505688e-7,3.685699e-5,Downregulated
YHR216W,-0.6267226,0.008787628,0.04282247,Downregulated
YIL043C,-1.176886,4.35925e-5,7.879598e-4,Downregulated
YIL050W,-0.7525467,6.808448e-4,0.006366155,Downregulated
YIL053W,-0.7316539,0.009218005,0.04446668,Downregulated
YIL059C,-1.000434,5.531939e-4,0.005559621,Downregulated
YIL088C,-1.171577,4.682503e-7,2.671174e-5,Downregulated
YIL108W,-0.8690909,7.962131e-5,0.001237713,Downregulated
YIL110W,-1.091791,4.278563e-5,7.756299e-4,Downregulated
YIL164C,-1.007569,6.69109e-4,0.006332602,Downregulated
YIL166C,-1.190502,2.015896e-5,4.278103e-4,Downregulated
YIL169C,-1.223285,2.700414e-5,5.364593e-4,Downregulated
YIR005W,-0.8483016,0.0021503,0.01513448,Downregulated
YIR021W,-0.6808201,0.002291823,0.01594022,Downregulated
YIR028W,-1.159346,1.905726e-5,4.124082e-4,Downregulated
YIR043C,-1.066342,2.235369e-4,0.002825107,Downregulated
YJL002C,-0.8011685,5.005258e-4,0.005118865,Downregulated
YJL004C,-1.03883,3.990255e-4,0.00437591,Downregulated
YJL008C,-0.5576653,0.005934193,0.03194702,Downregulated
YJL012C,-0.70956,0.005697819,0.03095618,Downregulated
YJL053W,-0.784893,0.001803693,0.01335373,Downregulated
YJL059W,-0.6120241,0.003581466,0.02202726,Downregulated
YJL060W,-0.7150358,0.007393148,0.03780476,Downregulated
YJL078C,-1.330572,6.536008e-7,3.415201e-5,Downregulated
YJL101C,-0.9095793,7.802447e-8,6.383633e-6,Downregulated
YJL111W,-0.875141,2.712115e-4,0.003287316,Downregulated
YJL126W,-0.9159172,7.343888e-4,0.006707802,Downregulated
YJL130C,-0.5183151,0.007091521,0.03656308,Downregulated
YJL133C-A,-1.192874,4.572436e-6,1.386898e-4,Downregulated
YJL159W,-0.9652356,4.694531e-5,8.246715e-4,Downregulated
YJL196C,-0.9324319,9.655099e-4,0.008265103,Downregulated
YJL199C,-3.490265,2.012898e-11,1.788029e-8,Downregulated
YJL210W,-0.7427982,4.26196e-4,0.00453782,Downregulated
YJL212C,-0.5852714,0.00660931,0.03462232,Downregulated
YJL221C,-21.56839,2.53946e-12,5.262751e-9,Downregulated
YJR010W,-0.8288694,2.656772e-4,0.003239178,Downregulated
YJR015W,-0.7736029,0.001440773,0.01135453,Downregulated
YJR016C,-1.00112,4.575772e-4,0.004802746,Downregulated
YJR040W,-0.6321798,0.005070293,0.02840278,Downregulated
YJR042W,-0.5225816,0.004898756,0.02774177,Downregulated
YJR047C,-0.8217791,0.004432705,0.02554454,Downregulated
YJR062C,-0.9705637,1.043399e-6,4.536962e-5,Downregulated
YJR075W,-0.6585143,0.004340726,0.025177829999999998,Downregulated
YJR109C,-1.501132,2.274871e-9,3.367892e-7,Downregulated
YJR116W,-1.278865,7.33342e-6,2.008776e-4,Downregulated
YJR117W,-0.6325539,0.002552734,0.01736641,Downregulated
YJR118C,-0.682878,6.195914e-4,0.006000964,Downregulated
YJR121W,-0.8015229,0.001559072,0.01198387,Downregulated
YJR124C,-1.267067,6.454701e-6,1.816078e-4,Downregulated
YJR126C,-0.5627593,0.003276825,0.02076992,Downregulated
YJR136C,-0.8761252,6.891616e-4,0.00642344,Downregulated
YJR137C,-0.7269027,0.00192423,0.01404327,Downregulated
YJR148W,-0.7120089,0.00962163,0.04568833,Downregulated
YJR161C,-0.7240227,0.003485451,0.02164494,Downregulated
YKL001C,-0.8423001,0.003373608,0.02118898,Downregulated
YKL011C,-0.5131777,0.005214745,0.02892532,Downregulated
YKL043W,-0.5726725,0.001701184,0.01272533,Downregulated
YKL053C-A,-0.6771584,0.009479839,0.0453428,Downregulated
YKL058W,-1.061308,4.073119e-4,0.004412432,Downregulated
YKL062W,-0.5902083,0.001572503,0.0120565,Downregulated
YKL068W,-0.7102163,0.002017968,0.01450604,Downregulated
YKL090W,-0.8277175,3.82113e-4,0.004220211,Downregulated
YKL128C,-0.7465355,0.008495208,0.04176301,Downregulated
YKL135C,-0.5365861,0.004272254,0.0249424,Downregulated
YKL137W,-0.7710568,0.002777033,0.01842859,Downregulated
YKL148C,-0.7430845,0.003599453,0.022116,Downregulated
YKL164C,-1.111071,8.635217e-5,0.001312553,Downregulated
YKL174C,-0.6196354,0.003988641,0.02375843,Downregulated
YKL184W,-0.6956827,0.001363787,0.01081636,Downregulated
YKL206C,-0.8929635,1.83723e-4,0.002430617,Downregulated
YKL211C,-1.424563,4.879024e-8,4.528026e-6,Downregulated
YKL213C,-0.6316157,5.734474e-4,0.005673301,Downregulated
YKL217W,-0.8772034,0.002308083,0.01603538,Downregulated
YKL219W,-0.689999,0.003170793,0.02030483,Downregulated
YKL220C,-1.015632,7.407341e-5,0.00117534,Downregulated
YKR021W,-0.7607368,6.23842e-4,0.006023369,Downregulated
YKR038C,-1.064855,1.603776e-5,3.6001e-4,Downregulated
YKR039W,-0.9829049,3.041529e-4,0.00357509,Downregulated
YKR042W,-1.396682,2.066442e-5,4.35564e-4,Downregulated
YKR046C,-1.073621,1.679248e-5,3.702683e-4,Downregulated
YKR074W,-1.368033,3.959748e-9,5.352546e-7,Downregulated
YKR093W,-1.227821,6.125931e-9,8.104476e-7,Downregulated
YKR102W,-1.245352,2.319132e-5,4.759195e-4,Downregulated
YLL001W,-0.7680463,2.747593e-5,5.389442e-4,Downregulated
YLL012W,-0.7629076,0.005892493,0.03175002,Downregulated
YLL014W,-0.7167817,0.009022675,0.04369392,Downregulated
YLL027W,-0.5211445,0.003142306,0.02020564,Downregulated
YLL028W,-0.5040033,0.01049886,0.04904729,Downregulated
YLL031C,-0.7633182,3.551742e-4,0.004008118,Downregulated
YLL042C,-0.7013068,0.01008543,0.04759628,Downregulated
YLL051C,-0.5746301,0.006503613,0.03427581,Downregulated
YLR034C,-1.532199,9.164259e-16,5.698336e-12,Downregulated
YLR036C,-0.6779907,0.001940011,0.01414184,Downregulated
YLR054C,-0.8576484,0.003260936,0.02069031,Downregulated
YLR058C,-1.074525,5.449983e-4,0.005501298,Downregulated
YLR089C,-0.7652393,7.823382e-5,0.001225335,Downregulated
YLR090W,-0.6142088,0.003803377,0.02300525,Downregulated
YLR092W,-1.227185,1.920871e-5,4.124082e-4,Downregulated
YLR100W,-1.099052,5.638541e-6,1.630718e-4,Downregulated
YLR113W,-0.6885922,4.898547e-4,0.005042908,Downregulated
YLR134W,-0.8929459,0.002390143,0.01647662,Downregulated
YLR137W,-0.6763946,1.53047e-4,0.00209153,Downregulated
YLR152C,-0.8725433,1.869773e-4,0.002447631,Downregulated
YLR153C,-0.6917925,0.003479357,0.02163464,Downregulated
YLR166C,-0.6246423,0.006425431,0.03400283,Downregulated
YLR173W,-1.154087,8.711229e-6,2.29766e-4,Downregulated
YLR180W,-1.155983,1.997277e-4,0.002592707,Downregulated
YLR199C,-0.7242593,0.006572115,0.03454388,Downregulated
YLR207W,-0.6255126,7.096412e-4,0.006576079,Downregulated
YLR237W,-0.71429260000000006,0.001001807,0.008486695,Downregulated
YLR251W,-1.525352,7.714433e-6,2.094688e-4,Downregulated
YLR262C-A,-0.9173866,6.504578e-4,0.006184322,Downregulated
YLR266C,-1.251378,5.024362e-7,2.814829e-5,Downregulated
YLR267W,-1.052846,6.423477e-4,0.006125948,Downregulated
YLR286C,-0.6611414,0.003019547,0.01957825,Downregulated
YLR345W,-0.5924646,0.008241888,0.04080259,Downregulated
YLR348C,-0.7824622,3.440598e-4,0.003911086,Downregulated
YLR361C,-0.5510527,0.008701924,0.04259136,Downregulated
YLR363C,-0.8034709,0.003975326,0.02375751,Downregulated
YLR370C,-1.106493,1.169465e-4,0.001691101,Downregulated
YLR459W,-1.223247,7.169581e-6,1.972586e-4,Downregulated
YML005W,-0.7035141,0.001803978,0.01335373,Downregulated
YML052W,-1.172033,3.860331e-5,7.165235e-4,Downregulated
YML055W,-0.5558662,0.001994013,0.01442375,Downregulated
YML059C,-0.5294282,0.003655195,0.02232613,Downregulated
YML116W,-0.8243042,2.667163e-4,0.003245483,Downregulated
YML119W,-0.7040914,0.004520495,0.02590639,Downregulated
YML121W,-0.8299325,0.001534769,0.01186964,Downregulated
YML123C,-1.233063,5.63068e-6,1.630718e-4,Downregulated
YML129C,-0.7418538,0.008255332,0.04083596,Downregulated
YMR001C-A,-0.8717815,1.398539e-4,0.00193247,Downregulated
YMR006C,-0.8075604,0.001053372,0.008803584,Downregulated
YMR008C,-0.9317197,1.573577e-4,0.002139531,Downregulated
YMR015C,-0.9977625,7.89927e-4,0.007087686,Downregulated
YMR024W,-0.7537615,4.370351e-4,0.004613726,Downregulated
YMR025W,-0.8882167,0.001365997,0.01082009,Downregulated
YMR054W,-0.6664649,1.780536e-4,0.002375832,Downregulated
YMR062C,-0.6850264,0.006447771,0.03409204,Downregulated
YMR080C,-0.5366693,5.316749e-5,9.174939e-4,Downregulated
YMR100W,-0.6162345,7.360836e-4,0.006711097,Downregulated
YMR105W-A,-0.9422512,7.868074e-4,0.007069896,Downregulated
YMR120C,-0.8257307,0.004195574,0.02460895,Downregulated
YMR139W,-0.7370025,3.500586e-4,0.00396478,Downregulated
YMR141C,-1.38567,4.633148e-6,1.398491e-4,Downregulated
YMR150C,-0.8930742,0.001199017,0.009683918,Downregulated
YMR178W,-0.7386074,0.003885404,0.02338942,Downregulated
YMR180C,-0.6480018,6.612697e-4,0.00626795,Downregulated
YMR194C-B,-1.009008,8.379202e-5,0.001284646,Downregulated
YMR195W,-0.7761971,0.002502576,0.01710002,Downregulated
YMR214W,-0.5472636,0.005254203,0.02907843,Downregulated
YMR221C,-0.7049348,0.002016927,0.01450604,Downregulated
YMR243C,-0.5950246,0.007540855,0.03834167,Downregulated
YMR251W,-0.8683718,0.002844444,0.01877565,Downregulated
YMR253C,-0.7589694,3.620032e-4,0.004056644,Downregulated
YMR258C,-0.8737541,2.3391e-4,0.002914735,Downregulated
YMR261C,-0.6388273,0.003316194,0.02091288,Downregulated
YMR262W,-0.9250992,9.049336e-6,2.354049e-4,Downregulated
YMR266W,-0.737786,3.325905e-4,0.003815587,Downregulated
YMR271C,-0.8972311,0.002115449,0.01494757,Downregulated
YMR272C,-0.7164992,0.003810417,0.02302543,Downregulated
YMR300C,-0.9456298,0.001450939,0.01139133,Downregulated
YMR303C,-0.8526932,0.001321319,0.01056036,Downregulated
YMR313C,-0.6556355,5.670033e-4,0.005641002,Downregulated
YMR319C,-1.044457,1.320837e-7,9.228047e-6,Downregulated
YNCB0007W,-19.46467,1.904566e-6,7.231587e-5,Downregulated
YNCB0009C,-1.663634,5.761187e-8,5.045501e-6,Downregulated
YNCB0010W,-0.5545432,0.0032315,0.02058757,Downregulated
YNCB0011C,-1.843329,9.522389e-8,7.309903e-6,Downregulated
YNCB0013W,-2.708207,2.118546e-8,2.311074e-6,Downregulated
YNCB0014W,-1.383158,6.130251e-8,5.22163e-6,Downregulated
YNCC0003C,-0.7893417,0.002746457,0.01830382,Downregulated
YNCC0004C,-1.13558,3.852754e-5,7.165235e-4,Downregulated
YNCC0007C,-2.611889,0.001061201,0.008834469,Downregulated
YNCC0010C,-0.6718819,0.003294448,0.02079683,Downregulated
YNCC0011W,-1.010317,8.64272e-4,0.007579751,Downregulated
YNCC0012C,-1.360929,4.549099e-6,1.386583e-4,Downregulated
YNCD0001W,-21.89101,4.995415e-10,1.001984e-7,Downregulated
YNCD0004W,-10.81875,9.998116e-5,0.001498031,Downregulated
YNCD0007C,-2.401159,3.440592e-9,4.862183e-7,Downregulated
YNCD0008W,-1.50632,7.000792e-7,3.597597e-5,Downregulated
YNCD0016C,-0.9639215,0.001051193,0.008797194,Downregulated
YNCD0024C,-1.162982,2.890359e-4,0.003469547,Downregulated
YNCD0027C,-1.016225,6.771584e-4,0.006350786,Downregulated
YNCD0032C,-1.16539,2.100501e-6,7.820908e-5,Downregulated
YNCD0033W,-1.058791,3.865068e-6,1.226173e-4,Downregulated
YNCD0034C,-2.129494,1.640577e-9,2.550277e-7,Downregulated
YNCE0017W,-0.8670016,6.139784e-5,0.001012657,Downregulated
YNCE0024W,-0.9377345,1.276117e-5,3.064384e-4,Downregulated
YNCE0028C,-2.867877,1.188376e-10,3.358783e-8,Downregulated
YNCF0003C,-1.165688,1.983643e-5,4.224074e-4,Downregulated
YNCF0008C,-1.46578,0.00211284,0.01494757,Downregulated
YNCG0001C,-0.8084574,6.263238e-4,0.006028609,Downregulated
YNCG0005W,-25.53405,1.586634e-12,4.932845e-9,Downregulated
YNCG0009C,-22.48238,1.911268e-8,2.160775e-6,Downregulated
YNCG0013W,-1.373676,8.041419e-8,6.493707e-6,Downregulated
YNCG0015C,-0.8411902,0.002728041,0.0182006,Downregulated
YNCG0017W,-4.718408,4.686992e-4,0.004889886,Downregulated
YNCG0018C,-22.12039,3.49134e-8,3.392055e-6,Downregulated
YNCG0024W,-2.008036,8.072031e-11,2.788438e-8,Downregulated
YNCG0028W,-0.8889003,4.005586e-4,0.004384988,Downregulated
YNCG0032W,-20.22577,4.458327e-6,1.379198e-4,Downregulated
YNCG0046W,-0.6661224,0.004223319,0.0247275,Downregulated
YNCH0004C,-1.301547,1.471918e-5,3.41507e-4,Downregulated
YNCH0008W,-0.5338731,0.00493526,0.02792306,Downregulated
YNCH0012W,-0.7501496,0.004672964,0.02672395,Downregulated
YNCJ0005C,-22.6399,5.844017e-11,2.595579e-8,Downregulated
YNCJ0008W,-3.095671,1.655288e-10,4.117033e-8,Downregulated
YNCJ0018W,-17.15844,2.735521e-5,5.382743e-4,Downregulated
YNCJ0030W,-1.167966,6.595012e-5,0.001065137,Downregulated
YNCK0002C,-1.152728,2.296316e-4,0.002869046,Downregulated
YNCK0015C,-0.8888747,0.001846436,0.01358715,Downregulated
YNCK0020C,-1.451289,3.664849e-10,7.857941e-8,Downregulated
YNCL0001W,-5.845278,3.198106e-4,0.003710041,Downregulated
YNCL0002C,-0.7385517,0.005618372,0.030644770000000002,Downregulated
YNCL0003W,-0.656525,0.009353811,0.04498221,Downregulated
YNCL0006W,-1.297084,3.446212e-5,6.573174e-4,Downregulated
YNCL0032C,-19.22198,6.209802e-6,1.771218e-4,Downregulated
YNCL0041C,-0.885272,0.001637032,0.01239838,Downregulated
YNCL0045W,-1.727115,2.4396e-6,8.718066e-5,Downregulated
YNCL0048W,-1.256868,2.546671e-5,5.12466e-4,Downregulated
YNCM0001W,-0.7570744,0.001534368,0.01186964,Downregulated
YNCM0002C,-0.7085438,0.003244509,0.0206071,Downregulated
YNCM0022C,-20.96729,1.650254e-6,6.453634e-5,Downregulated
YNCM0030W,-1.948813,1.29627e-10,3.504439e-8,Downregulated
YNCM0031W,-0.9251321,4.494774e-4,0.00472902,Downregulated
YNCM0032C,-1.98299,6.623947e-8,5.565906e-6,Downregulated
YNCM0034C,-0.86283,4.056088e-4,0.004412432,Downregulated
YNCM0036C,-0.7942317,0.005201244,0.02892532,Downregulated
YNCN0001W,-0.7648005,0.00328164,0.02077746,Downregulated
YNCN0005C,-0.7760097,0.001199199,0.009683918,Downregulated
YNCN0016C,-1.206034,2.29782e-4,0.002869046,Downregulated
YNCN0017W,-4.505594,4.673985e-4,0.004884511,Downregulated
YNCN0018W,-1.512582,7.761505e-7,3.770393e-5,Downregulated
YNCO0016W,-0.8765435,0.004465719,0.02566344,Downregulated
YNCO0022C,-1.048032,1.322078e-4,0.001864099,Downregulated
YNCO0024C,-1.147438,6.997123e-5,0.001121343,Downregulated
YNCO0026W,-0.9625509,3.927654e-4,0.004314868,Downregulated
YNCP0013C,-0.6620214,0.01048091,0.04900023,Downregulated
YNCP0025W,-0.9765933,1.299718e-5,3.096416e-4,Downregulated
YNCP0026W,-1.317339,5.784129e-10,1.08987e-7,Downregulated
YNL007C,-0.7677391,0.002333574,0.01617632,Downregulated
YNL008C,-0.5307135,0.008436459,0.04153437,Downregulated
YNL029C,-0.5138981,0.007628766,0.03859696,Downregulated
YNL042W-B,-0.9385476,0.001163569,0.009494841,Downregulated
YNL045W,-0.7783276,1.924629e-5,4.124082e-4,Downregulated
YNL047C,-0.6827625,0.00427237,0.0249424,Downregulated
YNL063W,-0.596147,0.00633012,0.03361277,Downregulated
YNL066W,-0.8993301,8.274933e-4,0.00736102,Downregulated
YNL090W,-0.739022,0.003617207,0.0221594,Downregulated
YNL101W,-0.8472426,2.926078e-4,0.003499446,Downregulated
YNL104C,-0.7113519,0.00583338,0.03150762,Downregulated
YNL116W,-0.6667917,0.008062884,0.04010801,Downregulated
YNL122C,-1.459342,8.718239e-6,2.29766e-4,Downregulated
YNL126W,-0.6277096,0.001268169,0.01020113,Downregulated
YNL130C,-0.9431385,3.528278e-5,6.668338e-4,Downregulated
YNL142W,-0.8896673,0.001894599,0.01389224,Downregulated
YNL146W,-0.7479086,0.006525096,0.03435482,Downregulated
YNL158W,-0.8289422,0.002705594,0.01811302,Downregulated
YNL159C,-0.7265033,0.001916164,0.01400083,Downregulated
YNL160W,-0.8547543,0.002952138,0.01922135,Downregulated
YNL184C,-1.598503,9.282928e-6,2.369009e-4,Downregulated
YNL190W,-0.7645967,0.006942089,0.03606175,Downregulated
YNL214W,-1.009552,1.491232e-4,0.002046906,Downregulated
YNL220W,-0.9615777,9.481045e-5,0.001423989,Downregulated
YNL222W,-1.152321,3.077988e-6,1.040159e-4,Downregulated
YNL234W,-0.716013,0.001989966,0.01442146,Downregulated
YNL259C,-1.703013,2.957676e-6,1.010485e-4,Downregulated
YNL263C,-0.7400431,0.006033759,0.03239889,Downregulated
YNL268W,-0.7104397,2.727617e-5,5.382743e-4,Downregulated
YNL277W,-0.7147346,0.007081106,0.03653968,Downregulated
YNL280C,-0.7337935,4.335248e-4,0.004584451,Downregulated
YNL301C,-1.23555,1.513342e-6,6.148403e-5,Downregulated
YNL311C,-0.8628602,2.956252e-4,0.003521451,Downregulated
YNL321W,-0.6655797,1.114965e-4,0.001627429,Downregulated
YNL326C,-1.055029,6.006827e-5,0.001004044,Downregulated
YNL327W,-0.8324614,1.341141e-4,0.001882298,Downregulated
YNR032C-A,-0.7180683,0.008496334,0.04176301,Downregulated
YNR035C,-0.5900242,0.009046449,0.04374092,Downregulated
YNR036C,-1.13057,2.835967e-4,0.003430747,Downregulated
YNR061C,-0.9905619,5.626083e-4,0.005615246,Downregulated
YNR074C,-1.152791,1.540609e-5,3.520657e-4,Downregulated
YNR075W,-1.392543,1.517818e-8,1.81496e-6,Downregulated
YOL013C,-0.739076,7.478824e-4,0.006749395,Downregulated
YOL020W,-0.7963834,0.002901296,0.01899255,Downregulated
YOL030W,-1.014975,5.323711e-5,9.174939e-4,Downregulated
YOL049W,-0.6203118,0.003395213,0.02126588,Downregulated
YOL059W,-0.7992583,0.005019892,0.02824768,Downregulated
YOL060C,-1.156676,3.226368e-6,1.073413e-4,Downregulated
YOL062C,-0.6306587,0.006587121,0.03456515,Downregulated
YOL086W-A,-1.33917,7.529658e-6,2.053483e-4,Downregulated
YOL092W,-0.6232924,0.007046885,0.03645685,Downregulated
YOL096C,-0.8510811,0.001156362,0.009458206,Downregulated
YOL105C,-0.6429962,0.003186228,0.02036402,Downregulated
YOL107W,-1.066544,3.455467e-7,2.046295e-5,Downregulated
YOL109W,-0.771754,8.009636e-4,0.007176357,Downregulated
YOL126C,-0.8303615,6.761128e-4,0.006350786,Downregulated
YOL129W,-1.07385,4.530544e-5,8.025903e-4,Downregulated
YOL137W,-0.53705,9.351928e-4,0.008042917,Downregulated
YOL153C,-1.087335,7.238829e-5,0.001154129,Downregulated
YOL158C,-0.7627953,5.563811e-4,0.005579964,Downregulated
YOR002W,-0.9451119,8.896574e-7,4.067566e-5,Downregulated
YOR008C-A,-0.6767805,0.01060069,0.04937462,Downregulated
YOR009W,-1.584074,5.480289e-7,2.989161e-5,Downregulated
YOR011W,-1.385082,1.123653e-7,8.030891e-6,Downregulated
YOR015W,-0.8234325,4.527947e-7,2.606924e-5,Downregulated
YOR031W,-0.9943657,4.328334e-4,0.004584451,Downregulated
YOR034C,-0.8605082,3.910242e-6,1.234207e-4,Downregulated
YOR034C-A,-0.5693064,0.007700867,0.03880388,Downregulated
YOR035C,-0.6111214,0.005817766,0.03148378,Downregulated
YOR037W,-0.8419747,0.003186585,0.02036402,Downregulated
YOR044W,-0.8951334,8.567481e-5,0.001308909,Downregulated
YOR059C,-0.5414524,0.002663045,0.01797917,Downregulated
YOR060C,-0.7964161,5.988193e-4,0.005845303,Downregulated
YOR067C,-0.5525557,0.003293971,0.02079683,Downregulated
YOR072W-B,-0.7965288,0.003979456,0.02375751,Downregulated
YOR107W,-1.221225,1.393019e-4,0.00192913,Downregulated
YOR108W,-0.7363306,0.002782442,0.0184448,Downregulated
YOR122C,-0.6742622,0.01010424,0.04763319,Downregulated
YOR130C,-0.6509456,0.007868742,0.03948978,Downregulated
YOR136W,-1.755584,4.866283e-11,2.466495e-8,Downregulated
YOR137C,-0.5877188,5.305831e-4,0.005364497,Downregulated
YOR147W,-0.7060218,0.002187205,0.01531536,Downregulated
YOR148C,-0.6115045,0.003668626,0.0223737,Downregulated
YOR161C,-0.8769233,3.663982e-4,0.004094582,Downregulated
YOR164C,-0.6596357,0.008785447,0.04282247,Downregulated
YOR167C,-0.8552375,0.003068211,0.01985238,Downregulated
YOR176W,-0.7402039,0.002206261,0.01541408,Downregulated
YOR193W,-0.6447436,0.003612152,0.02215026,Downregulated
YOR202W,-0.7224606,0.00977289,0.04635227,Downregulated
YOR228C,-0.740603,0.008712803,0.04259136,Downregulated
YOR254C,-0.5581403,0.004336297,0.02517562,Downregulated
YOR258W,-0.809006,5.738993e-4,0.005673301,Downregulated
YOR266W,-0.8737255,4.580297e-4,0.004802746,Downregulated
YOR278W,-1.154957,1.545737e-5,3.520657e-4,Downregulated
YOR292C,-0.7452214,8.200992e-4,0.007337233,Downregulated
YOR296W,-1.110599,1.899606e-8,2.160775e-6,Downregulated
YOR316C,-0.8024609,6.34527e-4,0.006078604,Downregulated
YOR334W,-0.7156844,0.001691038,0.01266852,Downregulated
YOR344C,-1.353902,7.1605e-10,1.272114e-7,Downregulated
YOR347C,-1.132838,1.894578e-6,7.231587e-5,Downregulated
YOR354C,-0.5552549,0.009375779,0.04505301,Downregulated
YOR357C,-0.9762833,3.729252e-4,0.004148209,Downregulated
YOR381W,-0.7064854,0.003148173,0.02022241,Downregulated
YOR388C,-0.7144933,0.006885897,0.03579976,Downregulated
YOR390W,-0.7390273,4.0158e-4,0.004388443,Downregulated
YPL003W,-0.8182426,1.263168e-5,3.056179e-4,Downregulated
YPL018W,-1.048625,1.22636e-4,0.00174897,Downregulated
YPL041C,-0.6959037,0.005580033,0.03048914,Downregulated
YPL058C,-1.588031,7.232208e-7,3.631832e-5,Downregulated
YPL061W,-0.7533001,0.005194734,0.02892532,Downregulated
YPL069C,-0.8396555,9.069285e-4,0.007861366,Downregulated
YPL081W,-0.8878735,5.177609e-4,0.005251937,Downregulated
YPL135W,-1.16503,2.531937e-5,5.111554e-4,Downregulated
YPL154C,-0.6379487,0.004944702,0.02795105,Downregulated
YPL165C,-0.87361,0.002768407,0.01839098,Downregulated
YPL172C,-0.7233198,8.632965e-4,0.007579751,Downregulated
YPL189W,-0.6574134,0.004334963,0.02517562,Downregulated
YPL192C,-0.6077545,0.007820517,0.03937488,Downregulated
YPL215W,-0.750268,0.005335092,0.02946146,Downregulated
YPL221W,-0.655728,9.14314e-4,0.007896117,Downregulated
YPL241C,-1.151486,1.347057e-4,0.001882298,Downregulated
YPL250C,-1.102305,3.282636e-4,0.003793946,Downregulated
YPL257W,-1.105369,8.173005e-5,0.001264173,Downregulated
YPL265W,-0.7264371,1.379851e-4,0.001915159,Downregulated
YPL269W,-0.6414484,0.009607191,0.04567088,Downregulated
YPL273W,-0.8882584,3.706578e-4,0.004130376,Downregulated
YPL274W,-0.8390557,0.001597309,0.01217165,Downregulated
YPR003C,-0.7258737,9.725635e-6,2.458293e-4,Downregulated
YPR005C,-0.7141058,0.003903123,0.02342627,Downregulated
YPR013C,-0.713006,2.199133e-4,0.002790655,Downregulated
YPR016C,-0.7001096,0.009948658,0.0470782,Downregulated
YPR028W,-0.8355914,5.299736e-4,0.005364497,Downregulated
YPR035W,-0.6853265,0.00510926,0.02854391,Downregulated
YPR038W,-1.169014,7.949371e-5,0.001237713,Downregulated
YPR042C,-0.6596482,6.948821e-5,0.00111648,Downregulated
YPR056W,-0.8207657,4.414202e-5,7.927488e-4,Downregulated
YPR066W,-0.9443348,1.704465e-5,3.745004e-4,Downregulated
YPR071W,-1.137654,4.120688e-5,7.55824e-4,Downregulated
YPR079W,-0.6178735,0.006262465,0.033394890000000003,Downregulated
YPR138C,-1.186361,1.415783e-6,5.830027e-5,Downregulated
YPR145W,-0.9900109,7.527884e-7,3.685699e-5,Downregulated
YPR147C,-0.8028055,0.002151638,0.01513448,Downregulated
YPR149W,-1.134304,2.30584e-6,8.431496e-5,Downregulated
YPR156C,-1.222871,7.242637e-7,3.631832e-5,Downregulated
YPR157W,-0.7074477,0.01013073,0.04772188,Downregulated
YPR159W,-0.7213676,0.007604985,0.0385708,Downregulated
YPR166C,-0.7856263,0.004170881,0.02448965,Downregulated
YPR168W,-0.8433834,0.00367018,0.0223737,Downregulated
YPR192W,-0.8230384,0.004242404,0.02481587,Downregulated
YPR194C,-1.167348,1.027846e-4,0.001532649,Downregulated
YPR196W,-0.9148201,1.260231e-4,0.001793161,Downregulated
YPR198W,-0.5051785,0.007225583,0.03713114,Downregulated
